Date,Description,Amount,Balance,Reference
2026-03-01,OPENING BALANCE,0,15000.00,
2026-03-03,SALARY ACME CORP,45000.00,60000.00,SAL202503
2026-03-04,FNB APP PAYMENT TO JOHN,-2500.00,57500.00,EFT001
2026-03-05,NETFLIX.COM,-199.00,57301.00,CARD4421
2026-03-06,CHECKERS HYPER,-856.42,56444.58,CARD4421
2026-03-07,ENGEN MIDRAND,-720.00,55724.58,CARD4421
2026-03-08,DEBIT ORDER DISCOVERY HEALTH,-3200.00,52524.58,DO HEALTH
2026-03-10,INTEREST RECEIVED,42.15,52566.73,INT
2026-03-12,SPOTIFY PREMIUM,-79.99,52486.74,CARD4421
2026-03-14,FNB FEE MONTHLY ACCOUNT,-65.00,52421.74,FEE
2026-03-15,TRANSFER FROM SAVINGS,5000.00,57421.74,TFIN
2026-03-18,VODACOM AIRTIME,-299.00,57122.74,CARD4421
2026-03-20,UBER TRIP,-145.50,56977.24,CARD4421
2026-03-22,TAKEALOT ONLINE,-1299.00,55678.24,CARD4421
2026-03-25,RENT PAYMENT LANDLORD,-12000.00,43678.24,EFT RENT
2026-03-28,MEDICAL AID CLAIM REFUND,450.00,44128.24,REF
